{"cameraMode":{"drawMode":0,"name":"Shaded","section":"Shading Mode"},"sceneLighting":false,"audioPlay":false,"sceneViewState":{"showFog":true,"showMaterialUpdate":false,"showSkybox":false,"showFlares":true,"showImageEffects":true,"showParticleSystems":true},"in2DMode":false,"pivot":{"x":958.9342041015625,"y":544.583984375,"z":-9.845060348510743},"rotation":{"x":0.020122844725847245,"y":-0.7964962124824524,"z":0.026537202298641206,"w":0.6037502884864807},"size":7.414103984832764,"orthographic":false}