{"cameraMode":{"drawMode":0,"name":"Shaded","section":"Shading Mode"},"sceneLighting":false,"audioPlay":false,"sceneViewState":{"showFog":true,"showMaterialUpdate":false,"showSkybox":false,"showFlares":true,"showImageEffects":true,"showParticleSystems":true},"in2DMode":false,"pivot":{"x":-0.6291338205337524,"y":1.231763243675232,"z":-0.23512601852416993},"rotation":{"x":-0.03630143776535988,"y":0.0035946781281381847,"z":-0.00013056928582955152,"w":-0.9993351697921753},"size":10.0,"orthographic":false}