{"cameraMode":{"drawMode":0,"name":"Shaded","section":"Shading Mode"},"sceneLighting":true,"audioPlay":false,"sceneViewState":{"showFog":true,"showMaterialUpdate":false,"showSkybox":false,"showFlares":true,"showImageEffects":true,"showParticleSystems":true},"in2DMode":false,"pivot":{"x":12.608210563659668,"y":7.085285186767578,"z":7.9181671142578129},"rotation":{"x":0.2676413059234619,"y":-0.12500867247581483,"z":0.03503260388970375,"w":0.9547504782676697},"size":12.787177085876465,"orthographic":false}