{"cameraMode":{"drawMode":0,"name":"Shaded","section":"Shading Mode"},"sceneLighting":true,"audioPlay":false,"sceneViewState":{"showFog":true,"showMaterialUpdate":false,"showSkybox":false,"showFlares":true,"showImageEffects":true,"showParticleSystems":true},"in2DMode":false,"pivot":{"x":6.700000762939453,"y":5.700000762939453,"z":8.799999237060547},"rotation":{"x":0.12745840847492219,"y":0.009232855401933194,"z":-0.0011971319327130914,"w":0.9918174743652344},"size":57.95441818237305,"orthographic":false}