{"cameraMode":{"drawMode":0,"name":"Shaded","section":"Shading Mode"},"sceneLighting":false,"audioPlay":false,"sceneViewState":{"showFog":true,"showMaterialUpdate":false,"showSkybox":false,"showFlares":true,"showImageEffects":true,"showParticleSystems":true},"in2DMode":false,"pivot":{"x":0.10487686097621918,"y":0.13714416325092317,"z":-0.43706655502319338},"rotation":{"x":-0.02880558930337429,"y":-0.0024018760304898025,"z":0.00006922732427483425,"w":-0.9995833039283752},"size":1.3684638738632203,"orthographic":true}