{"cameraMode":{"drawMode":0,"name":"Shaded","section":"Shading Mode"},"sceneLighting":false,"audioPlay":false,"sceneViewState":{"showFog":true,"showMaterialUpdate":false,"showSkybox":false,"showFlares":true,"showImageEffects":true,"showParticleSystems":true},"in2DMode":false,"pivot":{"x":3.585237503051758,"y":-1.0346622467041016,"z":-4.415168285369873},"rotation":{"x":0.0000435788715549279,"y":0.9893890619277954,"z":-0.14529354870319367,"w":0.00029785503284074366},"size":29.017807006835939,"orthographic":false}