{"cameraMode":{"drawMode":0,"name":"Shaded","section":"Shading Mode"},"sceneLighting":false,"audioPlay":false,"sceneViewState":{"showFog":true,"showMaterialUpdate":false,"showSkybox":false,"showFlares":true,"showImageEffects":true,"showParticleSystems":true},"in2DMode":false,"pivot":{"x":966.5504150390625,"y":522.7354736328125,"z":-1.7721748352050782},"rotation":{"x":-0.04948865994811058,"y":-0.008092454634606839,"z":0.0003910262603312731,"w":-0.9987593293190002},"size":44.76658630371094,"orthographic":true}