{"cameraMode":{"drawMode":0,"name":"Shaded","section":"Shading Mode"},"sceneLighting":false,"audioPlay":false,"sceneViewState":{"showFog":true,"showMaterialUpdate":false,"showSkybox":false,"showFlares":true,"showImageEffects":true,"showParticleSystems":true},"in2DMode":false,"pivot":{"x":-8.111165046691895,"y":2.648702621459961,"z":-1.4680957794189454},"rotation":{"x":0.0000435788715549279,"y":0.9893890619277954,"z":-0.14529354870319367,"w":0.00029785503284074366},"size":17.693340301513673,"orthographic":false}