{"cameraMode":{"drawMode":0,"name":"Shaded","section":"Shading Mode"},"sceneLighting":true,"audioPlay":false,"sceneViewState":{"showFog":true,"showMaterialUpdate":false,"showSkybox":true,"showFlares":true,"showImageEffects":true,"showParticleSystems":true},"in2DMode":false,"pivot":{"x":0.060222625732421878,"y":-7.662359237670898,"z":0.0},"rotation":{"x":-0.14048214256763459,"y":0.07062632590532303,"z":-0.010052542202174664,"w":-0.9875221252441406},"size":31.69475555419922,"orthographic":true}