{"cameraMode":{"drawMode":0,"name":"Shaded","section":"Shading Mode"},"sceneLighting":false,"audioPlay":false,"sceneViewState":{"showFog":true,"showMaterialUpdate":false,"showSkybox":false,"showFlares":true,"showImageEffects":true,"showParticleSystems":true},"in2DMode":false,"pivot":{"x":-0.7261160612106323,"y":0.0623861700296402,"z":-0.42578816413879397},"rotation":{"x":-0.02880558930337429,"y":-0.0024018760304898025,"z":0.00006922732427483425,"w":-0.9995833039283752},"size":2.270890712738037,"orthographic":true}