{"cameraMode":{"drawMode":0,"name":"Shaded","section":"Shading Mode"},"sceneLighting":false,"audioPlay":false,"sceneViewState":{"showFog":true,"showMaterialUpdate":false,"showSkybox":false,"showFlares":true,"showImageEffects":true,"showParticleSystems":true},"in2DMode":false,"pivot":{"x":8.774648666381836,"y":-8.352849960327149,"z":24.373214721679689},"rotation":{"x":0.25917500257492068,"y":0.06687556207180023,"z":-0.01800392009317875,"w":0.9633642435073853},"size":20.99071502685547,"orthographic":false}