{"cameraMode":{"drawMode":0,"name":"Shaded","section":"Shading Mode"},"sceneLighting":false,"audioPlay":false,"sceneViewState":{"showFog":true,"showMaterialUpdate":false,"showSkybox":false,"showFlares":true,"showImageEffects":true,"showParticleSystems":true},"in2DMode":false,"pivot":{"x":960.339111328125,"y":539.16552734375,"z":-0.0072956085205078129},"rotation":{"x":-0.05874549224972725,"y":0.032036200165748599,"z":-0.0018861687276512385,"w":-0.9977585673332214},"size":47.70476150512695,"orthographic":true}