{"cameraMode":{"drawMode":0,"name":"Shaded","section":"Shading Mode"},"sceneLighting":false,"audioPlay":false,"sceneViewState":{"showFog":true,"showMaterialUpdate":false,"showSkybox":false,"showFlares":true,"showImageEffects":true,"showParticleSystems":true},"in2DMode":false,"pivot":{"x":46.981815338134769,"y":-26.082937240600587,"z":-10.390708923339844},"rotation":{"x":0.28565993905067446,"y":0.39643681049346926,"z":-0.13130341470241548,"w":0.8625739812850952},"size":48.00965118408203,"orthographic":false}