{"cameraMode":{"drawMode":0,"name":"Shaded","section":"Shading Mode"},"sceneLighting":false,"audioPlay":false,"sceneViewState":{"showFog":true,"showMaterialUpdate":false,"showSkybox":false,"showFlares":true,"showImageEffects":true,"showParticleSystems":true},"in2DMode":false,"pivot":{"x":465.4194641113281,"y":286.29925537109377,"z":275.3913269042969},"rotation":{"x":-0.03480285778641701,"y":-0.9626511931419373,"z":0.22216129302978517,"w":-0.15080587565898896},"size":299.8974914550781,"orthographic":true}