{"cameraMode":{"drawMode":0,"name":"Shaded","section":"Shading Mode"},"sceneLighting":false,"audioPlay":false,"sceneViewState":{"showFog":true,"showMaterialUpdate":false,"showSkybox":false,"showFlares":true,"showImageEffects":true,"showParticleSystems":true},"in2DMode":false,"pivot":{"x":-0.7488071918487549,"y":-3.7493743896484377,"z":-18.855205535888673},"rotation":{"x":0.33233869075775149,"y":0.21411260962486268,"z":-0.07776311784982681,"w":0.9152565002441406},"size":5.841590404510498,"orthographic":false}