{"cameraMode":{"drawMode":0,"name":"Shaded","section":"Shading Mode"},"sceneLighting":true,"audioPlay":false,"sceneViewState":{"showFog":true,"showMaterialUpdate":false,"showSkybox":true,"showFlares":true,"showImageEffects":true,"showParticleSystems":true},"in2DMode":false,"pivot":{"x":-8.50027084350586,"y":33.23628234863281,"z":18.833288192749025},"rotation":{"x":-0.046421799808740619,"y":-0.3610790967941284,"z":0.017999785020947458,"w":-0.9312115907669067},"size":48.16453552246094,"orthographic":true}