{"cameraMode":{"drawMode":0,"name":"Shaded","section":"Shading Mode"},"sceneLighting":false,"audioPlay":false,"sceneViewState":{"showFog":true,"showMaterialUpdate":false,"showSkybox":false,"showFlares":true,"showImageEffects":true,"showParticleSystems":true},"in2DMode":false,"pivot":{"x":-6.687233924865723,"y":4.518177032470703,"z":0.43196916580200198},"rotation":{"x":0.0802152082324028,"y":-0.9167361259460449,"z":0.234871968626976,"w":0.3130897879600525},"size":7.874067306518555,"orthographic":false}