{"cameraMode":{"drawMode":0,"name":"Shaded","section":"Shading Mode"},"sceneLighting":false,"audioPlay":false,"sceneViewState":{"showFog":true,"showMaterialUpdate":false,"showSkybox":false,"showFlares":true,"showImageEffects":true,"showParticleSystems":true},"in2DMode":false,"pivot":{"x":960.4852905273438,"y":539.7042846679688,"z":0.06924062967300415},"rotation":{"x":-0.05874549224972725,"y":0.032036200165748599,"z":-0.0018861687276512385,"w":-0.9977585673332214},"size":32.88923645019531,"orthographic":true}